Project code,ALMA source name,RA,Dec,Band,Cont. sens.,Frequency support,Release date,Publications,Ang. res.,Min. vel. res.,Array,Mosaic,Max. reco. scale,FOV,Scientific category,Science keyword,Int. Time,Gal. lon.,Gal. lat.,Min. freq. res.,Pol products,L5 BL,L80 BL,Obs. date,PI name,SB name,Proposal authors,Line sens. (10 km/s),PWV,Group ous id,Member ous id,Asdm,Project title,Type,Scan intent,QA2 Status,Collections
2011.0.00121.S,Circinus galaxy,213.291275,-65.33901888888889,7,0.281426867389199,"[319.83..321.71GHz,976.56kHz,3.73mJy/beam@10km/s,0.28uJy/beam@native, XX YY,line]",2013-08-21,5,0.47627364125111676,0.9100634278093845,12m,,4.213578628521206,18.152921441833342,Active galaxies,"Active Galactic Nuclei (AGN)/Quasars (QSO), Spiral galaxies",1088.64,311.3259938816333,-3.807900457335037,976.5952572148316, XX YY,44.97299,232.32967,2012-06-03,"Hagiwara, Yoshiaki",Circinus galaxy,"Miyoshi, Makoto;",3.7254461596803705,0.770825207233429,,uid://A002/X327408/X246,1,Search for Submillimeter H2O Maser Towards Active Galactic Nuclei,S,TARGET,PASS,
2013.1.00247.S,Circinus,213.29127500000004,-65.33723620818562,3,0.25634002241521164,"[99.80..101.79GHz,1128.91kHz,15.36mJy/beam@10km/s,0.63uJy/beam@native, XX YY,line] U [101.61..103.60GHz,1128.91kHz,15.23mJy/beam@10km/s,0.63uJy/beam@native, XX YY,line] U [111.91..113.90GHz,1128.91kHz,10.19mJy/beam@10km/s,0.44uJy/beam@native, XX YY,line] U [113.72..115.71GHz,1128.91kHz,10.11mJy/beam@10km/s,0.44uJy/beam@native, XX YY,line]",2015-09-05,3,11.946936965765675,2.925140717601262,7m,mosaic,80.5891266554708,137.10917528827179,Active galaxies,"Outflows, jets, feedback",2982.426,311.3265500402351,-3.806206843289234,1128.973320901479, XX YY,8.018941,26.236036,2014-06-30,"Zschaechner, Laura",Circinus_a_03_7M,"Bolatto, Alberto; Fisher, Deanne; Walter, Fabian; Leroy, Adam; Warren, Steven; Rosolowsky, Erik; Veilleux, Sylvain;",10.107623273101078,5.185999870300293,uid://A001/X121/X4f3,uid://A001/X121/X4f6,3,AGN Feedback in Action: The Molecular Outflow in the Nearest Active Galactic Nucleus,S,TARGET,PASS,
2013.1.00247.S,Circinus,213.291275,-65.339019,3,0.04511024700598389,"[99.86..101.73GHz,1128.91kHz,2.06mJy/beam@10km/s,0.09uJy/beam@native, XX YY,line] U [101.66..103.54GHz,1128.91kHz,2.05mJy/beam@10km/s,0.09uJy/beam@native, XX YY,line] U [111.96..113.84GHz,1128.91kHz,2.08mJy/beam@10km/s,0.09uJy/beam@native, XX YY,line] U [113.77..115.65GHz,1128.91kHz,2.07mJy/beam@10km/s,0.09uJy/beam@native, XX YY,line]",2016-04-28,3,2.3780160676147424,2.9263977633968175,12m,mosaic,21.982468177404673,105.91683814942638,Active galaxies,"Outflows, jets, feedback",841.084,311.3259937149939,-3.8079009518570275,1128.880069455642, XX YY,25.664783,138.50864,2014-12-27,"Zschaechner, Laura",Circinus_a_03_TE,"Bolatto, Alberto; Fisher, Deanne; Walter, Fabian; Leroy, Adam; Warren, Steven; Rosolowsky, Erik; Veilleux, Sylvain;",2.0473407881194974,4.733793258666992,uid://A001/X121/X4f3,uid://A001/X121/X4f4,1,AGN Feedback in Action: The Molecular Outflow in the Nearest Active Galactic Nucleus,S,TARGET,PASS,ari_l
2012.1.00479.S,Circinus_galaxy,213.291275,-65.339019,9,0.8300522202892572,"[689.55..691.42GHz,1128.91kHz,13.51mJy/beam@10km/s,1.50uJy/beam@native, XX YY,line] U [691.88..693.87GHz,31250.00kHz,13.53mJy/beam@10km/s,1.45uJy/beam@native, XX YY,continuum] U [703.68..705.66GHz,31250.00kHz,17.55mJy/beam@10km/s,1.90uJy/beam@native, XX YY,continuum] U [706.93..708.80GHz,1128.91kHz,17.60mJy/beam@10km/s,1.97uJy/beam@native, XX YY,line]",2016-08-15,1,0.07444072328373136,0.47751574302629823,12m,,0.8695151427374256,8.328322198669698,Active galaxies,Active Galactic Nuclei (AGN)/Quasars (QSO),907.2,311.3259938469595,-3.807900562922477,1128.993172471495, XX YY,99.98542,681.9643,2015-07-26,"Tristram, Konrad",Circinus_12m_B9_repeat_x1,"Garcia-Burillo, Santiago; jaffe, walter; Muehle, Stefanie; Greve, Thomas; Meisenheimer, Klaus; van der Werf, Paul; Combes, Francoise; Viti, Serena; Impellizzeri, Violette; Muller, Sebastien; Martin, Sergio; Spaans, Marco; Costagliola, Francesco; Elitzur, Moshe; Henkel, Christian; Burtscher, Leonard; Zhang, Zhiyu;",13.507808385337519,0.36547017097473145,uid://A002/X7fb989/X5f,uid://A002/X7fb989/X60,1,Imaging the molecular torus of the active galactic nucleus in the Circinus galaxy,S,TARGET,PASS,
2012.1.00479.S,Circinus_galaxy,213.291275,-65.339019,7,0.053976310472039636,"[341.97..343.84GHz,1938.48kHz,1.35mJy/beam@10km/s,0.11uJy/beam@native, XX YY,line] U [343.93..345.80GHz,1938.48kHz,1.35mJy/beam@10km/s,0.11uJy/beam@native, XX YY,line] U [353.97..355.84GHz,1938.48kHz,1.39mJy/beam@10km/s,0.11uJy/beam@native, XX YY,line] U [355.66..357.53GHz,1938.48kHz,1.39mJy/beam@10km/s,0.11uJy/beam@native, XX YY,line]",2016-09-23,1,0.1503108127647342,1.6255328827534017,12m,,1.7071822336736249,16.64884923715344,Active galaxies,Active Galactic Nuclei (AGN)/Quasars (QSO),937.44,311.3259938469595,-3.807900562922477,1938.6149810553231, XX YY,101.80302,675.1631,2015-07-16,"Tristram, Konrad",Circinus_12m_B7_repeat_x1,"Garcia-Burillo, Santiago; jaffe, walter; Muehle, Stefanie; Greve, Thomas; Meisenheimer, Klaus; van der Werf, Paul; Combes, Francoise; Viti, Serena; Impellizzeri, Violette; Muller, Sebastien; Martin, Sergio; Spaans, Marco; Costagliola, Francesco; Elitzur, Moshe; Henkel, Christian; Burtscher, Leonard; Zhang, Zhiyu;",1.3461323217982744,0.6466302275657654,uid://A002/X7fb989/X5b,uid://A002/X7fb989/X5c,1,Imaging the molecular torus of the active galactic nucleus in the Circinus galaxy,S,TARGET,PASS,
2012.1.00671.S,circinus,213.291275,-65.339019,9,1.1243927023200473,"[639.65..641.53GHz,976.56kHz,21.05mJy/beam@10km/s,2.25uJy/beam@native, XX YY,line] U [642.57..644.44GHz,976.56kHz,21.09mJy/beam@10km/s,2.26uJy/beam@native, XX YY,line] U [656.14..658.02GHz,976.56kHz,20.75mJy/beam@10km/s,2.24uJy/beam@native, XX YY,line] U [658.14..660.01GHz,976.56kHz,20.77mJy/beam@10km/s,2.25uJy/beam@native, XX YY,line]",2016-10-29,0,0.12372280599872555,0.44360141182787,12m,,1.206560282032601,8.960708848527586,Active galaxies,Active Galactic Nuclei (AGN)/Quasars (QSO),604.8,311.3259938469595,-3.807900562922477,976.6159788541246, XX YY,77.526405,441.4762,2015-06-25,"Impellizzeri, Violette",circinus_658GHz_12m_C32-6,"Braatz, James; Lo, K. Y.; Wootten, Al; Leon, Stéphane; Meier, David; Espada, Daniel; Tristram, Konrad; Ott, Juergen; Peck, Alison; Kuo, Chengyu ; Henkel, Christian; Humphreys, Elizabeth; de Gregorio-Monsalvo, Itziar;",20.74536128446564,0.4662516415119171,uid://A002/X628157/X62,uid://A002/X628157/X63,1,Submm water maser emission in the Circinus galaxy,S,TARGET,PASS,
2013.1.00247.S,Circinus,213.291275,-65.339019,3,0.4618924169253651,"[99.80..101.79GHz,1128.91kHz,22.23mJy/beam@10km/s,0.91uJy/beam@native, XX YY,line] U [101.61..103.60GHz,1128.91kHz,21.59mJy/beam@10km/s,0.90uJy/beam@native, XX YY,line] U [111.91..113.90GHz,1128.91kHz,21.73mJy/beam@10km/s,0.94uJy/beam@native, XX YY,line] U [113.71..115.71GHz,1128.91kHz,21.56mJy/beam@10km/s,0.95uJy/beam@native, XX YY,line]",2017-01-05,3,48.77978834900688,2.924852679226776,TP,,864.6456812681413,54.04035507925883,Active galaxies,"Outflows, jets, feedback",22198.272,311.32599384695953,-3.807900562922477,1128.8538621449725, XX YY,12,12,2015-01-14,"Zschaechner, Laura",Circinus_a_03_TP,"Bolatto, Alberto; Fisher, Deanne; Walter, Fabian; Leroy, Adam; Warren, Steven; Rosolowsky, Erik; Veilleux, Sylvain;",21.563852997992218,3.8527755737304688,uid://A001/X121/X4f3,uid://A001/X147/X1ea,12,AGN Feedback in Action: The Molecular Outflow in the Nearest Active Galactic Nucleus,S,TARGET WVR,PASS,
2015.1.01286.S,circinus,213.291275,-65.3390194,3,0.010795922996647838,"[85.75..87.62GHz,3904.30kHz,0.55mJy/beam@10km/s,0.02uJy/beam@native, XX YY,line] U [87.52..89.39GHz,3904.30kHz,0.55mJy/beam@10km/s,0.02uJy/beam@native, XX YY,line] U [97.57..99.44GHz,3904.30kHz,0.51mJy/beam@10km/s,0.02uJy/beam@native, XX YY,line] U [99.32..101.19GHz,3904.30kHz,0.51mJy/beam@10km/s,0.02uJy/beam@native, XX YY,line]",2017-04-22,1,2.8098738528777965,11.784362387818488,12m,,26.20871688508259,62.29622198605385,Galaxy evolution,Galaxy chemistry,3326.4,311.3259937221339,-3.807900943037321,3904.148301571189, XX YY,24.866692,133.35739,2016-01-14,"Costagliola, Francesco",circinus_a_03_TE,"Krips, Melanie; Garcia-Burillo, Santiago; Muehle, Stefanie; Harada, Nanase; Sakamoto, Kazushi; van der Werf, Paul; Viti, Serena; Aalto, Susanne; Muller, Sebastien; Martin, Sergio; Spaans, Marco; Henkel, Christian;",0.5101823255032498,1.5405629873275757,uid://A001/X2f7/X200,uid://A001/X2f7/X201,2,Molecular tracers of hidden AGN: Spatially resolved chemistry in Circinus,S,TARGET,PASS,ari_l
2015.1.01286.S,circinus,213.2915076470804,-65.33931977220826,7,1.5532607216660346,"[341.81..343.81GHz,7812.50kHz,39.74mJy/beam@10km/s,3.01uJy/beam@native, XX YY,line] U [343.63..345.62GHz,7812.50kHz,36.15mJy/beam@10km/s,2.74uJy/beam@native, XX YY,line] U [353.67..355.66GHz,7812.50kHz,42.19mJy/beam@10km/s,3.24uJy/beam@native, XX YY,line] U [355.49..357.49GHz,7812.50kHz,47.16mJy/beam@10km/s,3.64uJy/beam@native, XX YY,line]",2017-04-27,1,3.5209800127871054,6.588126794613633,7m,mosaic,20.76309765415412,72.95484284945174,Galaxy evolution,Galaxy chemistry,443.317,311.3259923357825,-3.8082169038609925,7812.195008509605, XX YY,8.373291,28.830425,2016-03-22,"Costagliola, Francesco",circinus_a_07_7M,"Krips, Melanie; Garcia-Burillo, Santiago; Muehle, Stefanie; Harada, Nanase; Sakamoto, Kazushi; van der Werf, Paul; Viti, Serena; Aalto, Susanne; Muller, Sebastien; Martin, Sergio; Spaans, Marco; Henkel, Christian;",36.14889621600764,0.9100000262260437,uid://A001/X2f7/X208,uid://A001/X2f7/X20b,1,Molecular tracers of hidden AGN: Spatially resolved chemistry in Circinus,S,TARGET,PASS,
2015.1.00295.S,Circinus,213.29127499999004,-65.33901846601054,3,0.03502696534904732,"[99.86..101.73GHz,1128.91kHz,2.03mJy/beam@10km/s,0.09uJy/beam@native, XX YY,line] U [101.66..103.54GHz,1128.91kHz,2.01mJy/beam@10km/s,0.09uJy/beam@native, XX YY,line] U [111.96..113.84GHz,1128.91kHz,1.35mJy/beam@10km/s,0.06uJy/beam@native, XX YY,line] U [113.77..115.65GHz,1128.91kHz,1.34mJy/beam@10km/s,0.06uJy/beam@native, XX YY,line]",2017-04-29,0,1.6006677593319134,2.9745472467883345,12m,mosaic,14.053930122752899,105.91683638574568,Active galaxies,Galactic centres/nuclei,1562.014,311.3259938816289,-3.8079004444124473,1128.8593546058064, XX YY,40.376747,205.23706,2016-03-18,"Zschaechner, Laura",Circinus_a_03_TE,"Bolatto, Alberto; Ott, Juergen; Walter, Fabian; Leroy, Adam; Kruijssen, Diederik; Veilleux, Sylvain;",1.3415956696142068,2.529599189758301,uid://A001/X2fb/X88e,uid://A001/X2fb/X88f,2,AGN Feedback in Action: Zooming in on the Molecular Outflow in the Nearest Active Galactic Nucleus,S,TARGET,PASS,ari_l
2015.1.01286.S,circinus,213.29150764667915,-65.33906580118126,7,0.46020944548725734,"[341.88..343.74GHz,7812.50kHz,11.37mJy/beam@10km/s,0.89uJy/beam@native, XX YY,line] U [343.69..345.56GHz,7812.50kHz,11.36mJy/beam@10km/s,0.89uJy/beam@native, XX YY,line] U [353.73..355.60GHz,7812.50kHz,11.28mJy/beam@10km/s,0.90uJy/beam@native, XX YY,line] U [355.56..357.42GHz,7812.50kHz,12.92mJy/beam@10km/s,1.03uJy/beam@native, XX YY,line]",2017-08-12,1,0.910225305980836,6.587050552737984,12m,mosaic,8.257696002934832,61.5110204026692,Galaxy evolution,Galaxy chemistry,59.236,311.3260716031287,-3.807975520807312,7812.29116927032, XX YY,21.172363,111.50889,2015-12-31,"Costagliola, Francesco",circinus_a_07_TE,"Krips, Melanie; Garcia-Burillo, Santiago; Muehle, Stefanie; Harada, Nanase; Sakamoto, Kazushi; van der Werf, Paul; Viti, Serena; Aalto, Susanne; Muller, Sebastien; Martin, Sergio; Spaans, Marco; Henkel, Christian;",11.282121521597412,1.0375933647155762,uid://A001/X2f7/X208,uid://A001/X2f7/X209,1,Molecular tracers of hidden AGN: Spatially resolved chemistry in Circinus,S,TARGET,PASS,ari_l
2015.1.01286.S,circinus,213.29150764667915,-65.33906580118126,6,0.21112179177183127,"[262.89..264.76GHz,7812.50kHz,5.33mJy/beam@10km/s,0.37uJy/beam@native, XX YY,line] U [264.57..266.44GHz,7812.50kHz,5.32mJy/beam@10km/s,0.37uJy/beam@native, XX YY,line] U [265.88..267.75GHz,7812.50kHz,5.31mJy/beam@10km/s,0.37uJy/beam@native, XX YY,line]",2017-09-07,1,1.122080097828821,8.808586542619492,12m,mosaic,10.180429757567797,66.76950091619631,Galaxy evolution,Galaxy chemistry,69.598,311.32607159223573,-3.807975557875161,7812.292240507752, XX YY,22.506548,119.22105,2015-12-31,"Costagliola, Francesco",circinus_a_06_TE,"Krips, Melanie; Garcia-Burillo, Santiago; Muehle, Stefanie; Harada, Nanase; Sakamoto, Kazushi; van der Werf, Paul; Viti, Serena; Aalto, Susanne; Muller, Sebastien; Martin, Sergio; Spaans, Marco; Henkel, Christian;",5.312036162249748,0.9066810011863708,uid://A001/X2f7/X204,uid://A001/X2f7/X205,1,Molecular tracers of hidden AGN: Spatially resolved chemistry in Circinus,S,TARGET,PASS,ari_l
2015.1.00960.S,Circinus,213.29127499994277,-65.3390194000175,3,0.057806029197726566,"[84.07..85.01GHz,564.45kHz,2.12mJy/beam@10km/s,0.12uJy/beam@native, XX YY,line] U [84.93..85.87GHz,564.45kHz,2.11mJy/beam@10km/s,0.12uJy/beam@native, XX YY,line] U [85.83..86.77GHz,564.45kHz,2.10mJy/beam@10km/s,0.12uJy/beam@native, XX YY,line] U [86.73..87.67GHz,564.45kHz,2.04mJy/beam@10km/s,0.11uJy/beam@native, XX YY,line]",2017-09-30,1,1.3483764193521839,1.9302958144671976,12m,,15.641958292149145,67.8100438392607,Active galaxies,"Active Galactic Nuclei (AGN)/Quasars (QSO), Galactic centres/nuclei",514.08,311.32599372210564,-3.8079009430465147,564.4877212289225, XX YY,45.254234,306.54736,2016-07-02,"Pesce, Dominic",Circinus_b_03_TE,"Braatz, James;",2.043448991944172,4.576274871826172,uid://A001/X5a3/X176,uid://A001/X5a3/X177,1,SiO megamasers in AGN accretion disks,S,TARGET,PASS,ari_l
2015.1.00455.S,circinus,213.29127499998552,-65.33901940000243,4,0.013279703704720418,"[133.31..135.18GHz,1938.48kHz,0.55mJy/beam@10km/s,0.03uJy/beam@native, XX YY,line] U [135.00..136.88GHz,1938.48kHz,0.54mJy/beam@10km/s,0.03uJy/beam@native, XX YY,line] U [145.05..146.92GHz,1938.48kHz,0.52mJy/beam@10km/s,0.03uJy/beam@native, XX YY,line] U [146.75..148.62GHz,1938.48kHz,0.52mJy/beam@10km/s,0.03uJy/beam@native, XX YY,line]",2017-11-18,1,0.9607984366884957,3.959911599467763,12m,,11.324939699812683,41.307870670891525,Active galaxies,Active Galactic Nuclei (AGN)/Quasars (QSO),6350.4,311.3259937221274,-3.8079009430377515,1938.3842573785707, XX YY,39.384075,193.23698,2016-03-04,"Wang, Junzhi",circinus_a_04_TE,"Gao, Yu; Shi, Yong; Zhang, JiangShui; Zhang, Zhiyu;",0.5170365865655201,2.342886447906494,uid://A001/X2fe/X9eb,uid://A001/X2fe/X9ec,3,A Breakthrough in Measuring SMBH Masses in Type II AGNs: ALMA's Potential?,S,TARGET,PASS,
2016.1.01613.S,Circinus_galaxy,213.29145833329733,-65.33916666667129,8,0.10377130955718608,"[476.68..478.55GHz,3904.30kHz,2.58mJy/beam@10km/s,0.24uJy/beam@native, XX YY,line] U [478.48..480.35GHz,3904.30kHz,2.58mJy/beam@10km/s,0.24uJy/beam@native, XX YY,line] U [489.17..491.04GHz,3904.30kHz,2.00mJy/beam@10km/s,0.19uJy/beam@native, XX YY,line] U [490.50..492.37GHz,3904.30kHz,2.00mJy/beam@10km/s,0.19uJy/beam@native, XX YY,line]",2018-04-21,3,0.7543117999310863,2.38620034602144,12m,,6.558017607576312,12.017836860074043,Active galaxies,"Active Galactic Nuclei (AGN)/Quasars (QSO), Outflows, jets, feedback",1874.88,311.32602061858756,-3.8080647074195353,3904.133872558687, XX YY,19.129784,97.115845,2017-03-18,"Izumi, Takuma",Circinus_a_08_TM1,"Kohno, Kotaro; Wada, Keiichi;",1.9969714555737543,0.266166627407074,uid://A001/X87c/X53d,uid://A001/X87c/X53e,1,Dynamical flow process of a torus: Testing a radiation-driven fountain model in Circinus,S,TARGET,PASS,
2016.1.00150.S,Circinus,213.29127500004225,-65.33901944000696,7,0.20533417817094998,"[319.82..321.70GHz,488.28kHz,2.72mJy/beam@10km/s,0.21uJy/beam@native, XX,line]",2018-05-15,1,0.2285800350818029,0.4577003123678242,12m,,2.868803762560681,18.153551736097395,Active galaxies,Active Galactic Nuclei (AGN)/Quasars (QSO),483.84,311.3259937096659,-3.8079009810609032,488.2822172073984, XX,66.05673,484.10327,2017-05-06,"Hagiwara, Yoshiaki",Circinus_a_07_TM2,"Horiuchi, Shinji; Edwards, Philip;",2.7182006918992614,0.5105882287025452,uid://A001/X87d/Xb2,uid://A001/X87d/Xb5,1,Resolving the AGN circumnuclear region with submillimeter water masers using the long-baseline ALMA,S,TARGET,PASS,
2016.1.01613.S,Circinus_galaxy,213.29145833329665,-65.33916666667227,7,0.028261355115969746,"[342.77..344.64GHz,3904.30kHz,0.75mJy/beam@10km/s,0.06uJy/beam@native, XX YY,line] U [344.37..346.24GHz,3904.30kHz,0.73mJy/beam@10km/s,0.06uJy/beam@native, XX YY,line] U [354.87..356.74GHz,3904.30kHz,0.69mJy/beam@10km/s,0.06uJy/beam@native, XX YY,line] U [356.27..358.14GHz,3904.30kHz,0.69mJy/beam@10km/s,0.06uJy/beam@native, XX YY,line]",2018-05-20,3,0.20716087025668117,3.2853954805630265,12m,,3.5569545692028086,16.61549987156145,Active galaxies,"Active Galactic Nuclei (AGN)/Quasars (QSO), Outflows, jets, feedback",7620.48,311.326020618587,-3.8080647074203733,3904.2980575065353, XX YY,52.51893,310.07736,2016-11-20,"Izumi, Takuma",Circinus_a_07_TM1,"Kohno, Kotaro; Wada, Keiichi;",0.6919114732710671,0.5888234972953796,uid://A001/X87c/X539,uid://A001/X87c/X53a,3,Dynamical flow process of a torus: Testing a radiation-driven fountain model in Circinus,S,TARGET,PASS,
2017.1.00575.S,Circinus_galaxy,213.291249999979,-65.33916666666809,4,0.01287735628236752,"[134.85..136.72GHz,1128.91kHz,0.52mJy/beam@10km/s,0.03uJy/beam@native, XX YY,line] U [136.35..138.22GHz,1128.91kHz,0.52mJy/beam@10km/s,0.03uJy/beam@native, XX YY,line] U [146.65..148.52GHz,1128.91kHz,0.50mJy/beam@10km/s,0.03uJy/beam@native, XX YY,line] U [148.20..150.08GHz,1128.91kHz,0.50mJy/beam@10km/s,0.03uJy/beam@native, XX YY,line]",2018-11-16,0,0.034501261417928746,2.283742195313441,12m,,0.6746784548985949,40.87344180762182,Active galaxies,Active Galactic Nuclei (AGN)/Quasars (QSO),1324.512,311.3259378309667,-3.8080376406476804,1128.9763908753794, XX YY,632.41284,7221.392,2017-10-08,"Wang, Junzhi",Circinus_b_04_TM1,"Shi, Yong; Zhang, Zhiyu;",0.5021323451143994,0.6140245795249939,uid://A001/X1284/X1da1,uid://A001/X1284/X1da2,1,Measuring line width of RRL from BLR of the Circinus galaxy,S,TARGET,PASS,
2017.1.00575.S,Circinus_galaxy,213.2912499999571,-65.3391666666737,4,0.013021301596370187,"[131.96..133.83GHz,1128.91kHz,0.54mJy/beam@10km/s,0.03uJy/beam@native, XX YY,line] U [133.45..135.33GHz,1128.91kHz,0.54mJy/beam@10km/s,0.03uJy/beam@native, XX YY,line] U [143.60..145.47GHz,1128.91kHz,0.51mJy/beam@10km/s,0.03uJy/beam@native, XX YY,line] U [145.15..147.02GHz,1128.91kHz,0.51mJy/beam@10km/s,0.03uJy/beam@native, XX YY,line]",2018-11-17,0,0.035684626755168175,2.331826612595121,12m,,0.7022167214146423,41.74486516736516,Active galaxies,Active Galactic Nuclei (AGN)/Quasars (QSO),1324.512,311.32593783095626,-3.8080376406501797,1128.9762785525081, XX YY,620.56635,7130.773,2017-10-08,"Wang, Junzhi",Circinus_a_04_TM1,"Shi, Yong; Zhang, Zhiyu;",0.5068378842410676,0.5815994143486023,uid://A001/X1284/X1d9d,uid://A001/X1284/X1d9e,1,Measuring line width of RRL from BLR of the Circinus galaxy,S,TARGET,PASS,
2017.1.00575.S,Circinus_galaxy,213.29124999994494,-65.33916666668127,3,0.009561372375549698,"[84.53..86.40GHz,1128.91kHz,0.49mJy/beam@10km/s,0.02uJy/beam@native, XX YY,line] U [85.53..87.40GHz,1128.91kHz,0.49mJy/beam@10km/s,0.02uJy/beam@native, XX YY,line] U [97.14..99.02GHz,1128.91kHz,0.46mJy/beam@10km/s,0.02uJy/beam@native, XX YY,line] U [98.45..100.32GHz,1128.91kHz,0.46mJy/beam@10km/s,0.02uJy/beam@native, XX YY,line]",2019-11-22,0,0.05490713625679705,3.437961186877779,12m,,1.1318143878506932,63.002380566385014,Active galaxies,Active Galactic Nuclei (AGN)/Quasars (QSO),2939.328,311.3259378309491,-3.8080376406557965,1128.969276453903, XX YY,581.0829,6994.2773,2017-10-15,"Wang, Junzhi",Circinus_a_03_TM1,"Shi, Yong; Zhang, Zhiyu;",0.4554258652065338,2.601701259613037,uid://A001/X1284/X1d99,uid://A001/X1284/X1d9a,1,Measuring line width of RRL from BLR of the Circinus galaxy,S,TARGET,SEMIPASS,
2018.1.00064.S,Circinus_Galaxy,213.28129068782795,-65.33485224934675,8,8.035813823988411,"[476.59..478.59GHz,1128.91kHz,172.06mJy/beam@10km/s,15.36uJy/beam@native, XX YY,line] U [478.21..480.21GHz,1128.91kHz,137.31mJy/beam@10km/s,12.28uJy/beam@native, XX YY,line] U [488.60..490.60GHz,1128.91kHz,331.12mJy/beam@10km/s,29.92uJy/beam@native, XX YY,line] U [490.46..492.46GHz,1128.91kHz,186.90mJy/beam@10km/s,16.92uJy/beam@native, XX YY,line]",2019-12-07,1,2.539580009726811,0.6900475883322194,7m,mosaic,16.903179061281296,61.95573118046015,Active galaxies,"Outflows, jets, feedback",1307.256,311.32332570333045,-3.8026440500177414,1128.9112639026425, XX YY,8.32662,26.935513,2018-10-14,"Zschaechner, Laura",Circinus_a_08_7M,"Bolatto, Alberto; Johansson, Peter; Walter, Fabian; Kruijssen, Diederik; Meier, David; Ott, Juergen; Leroy, Adam; Glover, Simon; Krieger, Nico; Lahén, Natalia; Micelotta, Elisabetta; Veilleux, Sylvain;",137.31171762114113,0.9100000262260437,uid://A001/X133d/X62c,uid://A001/X133d/X62d,4,Wind and Turbulence: Tracing [CI] in the Resolved Galactic-Scale Outflow in Circinus Galaxy,S,TARGET,PASS,
2018.1.00321.S,Circinus_galaxy,213.2914583332952,-65.33922222222755,5,0.0927041368349679,"[180.45..182.43GHz,31250.00kHz,1.82mJy/beam@10km/s,0.10uJy/beam@native, XX YY,continuum] U [182.35..182.82GHz,244.14kHz,3.78mJy/beam@10km/s,0.43uJy/beam@native, XX YY,line] U [182.81..183.28GHz,244.14kHz,3.77mJy/beam@10km/s,0.43uJy/beam@native, XX YY,line] U [183.27..183.74GHz,244.14kHz,3.77mJy/beam@10km/s,0.43uJy/beam@native, XX YY,line]",2019-12-28,1,0.5872017868935211,0.39834111704995645,12m,,8.181186721195806,31.97756429959244,Active galaxies,Active Galactic Nuclei (AGN)/Quasars (QSO),1118.88,311.32600328153876,-3.8081175010969637,244.1417126203231, XX YY,40.802372,331.95,2018-12-01,"Pesce, Dominic",Circinus_a_05_TM1,"Braatz, James; Impellizzeri, Violette; Henkel, Christian; Humphreys, Elizabeth;",1.8161113814763652,0.3513461947441101,uid://A001/X133d/X439,uid://A001/X133d/X43a,1,A survey of 183 GHz water megamasers in nearby AGN,S,TARGET,PASS,
2018.1.01321.S,Circinus,213.31890875917603,-65.3220630321203,6,3.265884914529663,"[216.91..218.91GHz,1128.91kHz,96.17mJy/beam@10km/s,5.80uJy/beam@native, XX YY,line] U [218.75..219.75GHz,1128.91kHz,98.09mJy/beam@10km/s,8.39uJy/beam@native, XX YY,line] U [219.58..220.58GHz,1128.91kHz,116.37mJy/beam@10km/s,9.97uJy/beam@native, XX YY,line] U [229.71..230.71GHz,564.45kHz,112.75mJy/beam@10km/s,9.88uJy/beam@native, XX YY,line] U [231.67..233.66GHz,31250.00kHz,93.47mJy/beam@10km/s,5.82uJy/beam@native, XX YY,continuum]",2020-02-14,14,5.559792631306101,0.7366376582694681,7m,mosaic,32.0540436201201,283.38649351732124,Local Universe,"Spiral galaxies, Giant Molecular Clouds (GMC) properties",28.876,311.34227093577067,-3.795386288939591,564.4302152826567, XX YY,8.466845,28.329128,2019-01-18,"Faesi, Christopher",Circinus_a_06_7M,"Bolatto, Alberto; Schruba, Andreas; Zschaechner, Laura; Leroy, Adam; Sun, Jiayi; Kruijssen, Diederik; Schinnerer, Eva; Chevance, Melanie; Rosolowsky, Erik;",93.47403040508757,1.7999999523162842,uid://A001/X133d/X3c30,uid://A001/X133d/X3c31,1,Physics at High Angular Resolution in Nearby Galaxies: The Local Galaxy Inventory,S,TARGET,PASS,
2018.1.01321.S,Circinus,213.24102585042095,-65.36077135761768,6,3.346960007131656,"[216.91..218.91GHz,1128.91kHz,98.55mJy/beam@10km/s,5.94uJy/beam@native, XX YY,line] U [218.75..219.75GHz,1128.91kHz,100.30mJy/beam@10km/s,8.58uJy/beam@native, XX YY,line] U [219.58..220.58GHz,1128.91kHz,118.75mJy/beam@10km/s,10.17uJy/beam@native, XX YY,line] U [229.71..230.71GHz,564.45kHz,115.05mJy/beam@10km/s,10.08uJy/beam@native, XX YY,line] U [231.67..233.66GHz,31250.00kHz,96.20mJy/beam@10km/s,5.99uJy/beam@native, XX YY,continuum]",2020-02-14,14,5.46831200194693,0.736637591128564,7m,mosaic,31.326484388936937,283.3864669688362,Local Universe,"Spiral galaxies, Giant Molecular Clouds (GMC) properties",28.876,311.2992495393454,-3.8220600706487096,564.4302205467212, XX YY,8.647185,28.804703,2019-01-18,"Faesi, Christopher",Circinus_b_06_7M,"Bolatto, Alberto; Schruba, Andreas; Zschaechner, Laura; Leroy, Adam; Sun, Jiayi; Kruijssen, Diederik; Schinnerer, Eva; Chevance, Melanie; Rosolowsky, Erik;",96.19890337104908,1.7999999523162842,uid://A001/X133d/X3c36,uid://A001/X133d/X3c37,1,Physics at High Angular Resolution in Nearby Galaxies: The Local Galaxy Inventory,S,TARGET,PASS,
2018.1.01321.S,Circinus_OFF_0,213.48437541661545,-65.36848694445581,6,0.6578447923709279,"[216.91..218.91GHz,1128.91kHz,18.93mJy/beam@10km/s,1.14uJy/beam@native, XX YY,line] U [218.75..219.75GHz,1128.91kHz,20.44mJy/beam@10km/s,1.75uJy/beam@native, XX YY,line] U [219.58..220.58GHz,1128.91kHz,24.67mJy/beam@10km/s,2.11uJy/beam@native, XX YY,line] U [229.71..230.71GHz,564.45kHz,23.52mJy/beam@10km/s,2.06uJy/beam@native, XX YY,line] U [231.67..233.66GHz,31250.00kHz,18.46mJy/beam@10km/s,1.15uJy/beam@native, XX YY,continuum]",2020-07-03,14,23.330964592521415,0.7366333342055245,TP,,413.55278414979136,25.84704900936196,Local Universe,"Spiral galaxies, Giant Molecular Clouds (GMC) properties",1021.44,311.3934124064346,-3.8610776625735097,564.4268759575095, XX YY,12,12,2019-03-09,"Faesi, Christopher",Circinus_a_06_TP,"Bolatto, Alberto; Schruba, Andreas; Zschaechner, Laura; Leroy, Adam; Sun, Jiayi; Kruijssen, Diederik; Schinnerer, Eva; Chevance, Melanie; Rosolowsky, Erik;",18.46407487920543,1.815984845161438,uid://A001/X133d/X3c30,uid://A001/X133d/X3c33,1,Physics at High Angular Resolution in Nearby Galaxies: The Local Galaxy Inventory,S,TARGET,PASS,
2018.1.01321.S,Circinus,213.29145833328258,-65.33922222223326,6,0.43452975796025317,"[216.91..218.91GHz,1128.91kHz,12.50mJy/beam@10km/s,0.75uJy/beam@native, XX YY,line] U [218.75..219.75GHz,1128.91kHz,13.50mJy/beam@10km/s,1.15uJy/beam@native, XX YY,line] U [219.58..220.58GHz,1128.91kHz,16.29mJy/beam@10km/s,1.40uJy/beam@native, XX YY,line] U [229.71..230.71GHz,564.45kHz,15.54mJy/beam@10km/s,1.36uJy/beam@native, XX YY,line] U [231.67..233.66GHz,31250.00kHz,12.20mJy/beam@10km/s,0.76uJy/beam@native, XX YY,continuum]",2020-07-03,14,23.330961887927103,0.7366333342055245,TP,,413.55273620953136,25.84704601309571,Local Universe,"Spiral galaxies, Giant Molecular Clouds (GMC) properties",2341.104,311.32600328153194,-3.808117501100757,564.4269413875473, XX YY,12,12,2019-03-09,"Faesi, Christopher",Circinus_a_06_TP,"Bolatto, Alberto; Schruba, Andreas; Zschaechner, Laura; Leroy, Adam; Sun, Jiayi; Kruijssen, Diederik; Schinnerer, Eva; Chevance, Melanie; Rosolowsky, Erik;",12.19617396666398,1.815984845161438,uid://A001/X133d/X3c30,uid://A001/X133d/X3c33,1,Physics at High Angular Resolution in Nearby Galaxies: The Local Galaxy Inventory,S,TARGET,PASS,
2018.1.01321.S,Circinus_OFF_0,213.40673666664327,-65.40719500000183,6,0.6483305487699991,"[216.91..218.91GHz,1128.91kHz,18.69mJy/beam@10km/s,1.13uJy/beam@native, XX YY,line] U [218.75..219.75GHz,1128.91kHz,20.10mJy/beam@10km/s,1.72uJy/beam@native, XX YY,line] U [219.58..220.58GHz,1128.91kHz,24.27mJy/beam@10km/s,2.08uJy/beam@native, XX YY,line] U [229.71..230.71GHz,564.45kHz,23.24mJy/beam@10km/s,2.04uJy/beam@native, XX YY,line] U [231.67..233.66GHz,31250.00kHz,18.17mJy/beam@10km/s,1.13uJy/beam@native, XX YY,continuum]",2020-07-04,14,23.330961713801628,0.7366334816436683,TP,,413.5527331230719,25.847045820191994,Local Universe,"Spiral galaxies, Giant Molecular Clouds (GMC) properties",1021.44,311.3504706573076,-3.887690777592086,564.4270581040811, XX YY,12,12,2019-03-09,"Faesi, Christopher",Circinus_b_06_TP,"Bolatto, Alberto; Schruba, Andreas; Zschaechner, Laura; Leroy, Adam; Sun, Jiayi; Kruijssen, Diederik; Schinnerer, Eva; Chevance, Melanie; Rosolowsky, Erik;",18.168299398804557,1.866820216178894,uid://A001/X133d/X3c36,uid://A001/X133d/X3c39,1,Physics at High Angular Resolution in Nearby Galaxies: The Local Galaxy Inventory,S,TARGET,PASS,
2018.1.01321.S,Circinus,213.29145833331074,-65.33922222222391,6,0.42824525769254146,"[216.91..218.91GHz,1128.91kHz,12.35mJy/beam@10km/s,0.74uJy/beam@native, XX YY,line] U [218.75..219.75GHz,1128.91kHz,13.28mJy/beam@10km/s,1.14uJy/beam@native, XX YY,line] U [219.58..220.58GHz,1128.91kHz,16.03mJy/beam@10km/s,1.37uJy/beam@native, XX YY,line] U [229.71..230.71GHz,564.45kHz,15.35mJy/beam@10km/s,1.35uJy/beam@native, XX YY,line] U [231.67..233.66GHz,31250.00kHz,12.00mJy/beam@10km/s,0.75uJy/beam@native, XX YY,continuum]",2020-07-04,14,23.330961855931225,0.7366334816436683,TP,,413.5527356423887,25.847045977649294,Local Universe,"Spiral galaxies, Giant Molecular Clouds (GMC) properties",2341.104,311.32600328154604,-3.808117501095523,564.4270546656549, XX YY,12,12,2019-03-09,"Faesi, Christopher",Circinus_b_06_TP,"Bolatto, Alberto; Schruba, Andreas; Zschaechner, Laura; Leroy, Adam; Sun, Jiayi; Kruijssen, Diederik; Schinnerer, Eva; Chevance, Melanie; Rosolowsky, Erik;",12.000804367382688,1.866820216178894,uid://A001/X133d/X3c36,uid://A001/X133d/X3c39,1,Physics at High Angular Resolution in Nearby Galaxies: The Local Galaxy Inventory,S,TARGET,PASS,
2018.1.00007.S,SN1996cr,213.29166666664037,-65.3456944444468,3,0.16287472641084164,"[100.00..101.98GHz,31250.00kHz,6.59mJy/beam@10km/s,0.27uJy/beam@native, XX YY,continuum] U [101.94..103.92GHz,31250.00kHz,6.36mJy/beam@10km/s,0.26uJy/beam@native, XX YY,continuum] U [112.00..113.98GHz,31250.00kHz,8.93mJy/beam@10km/s,0.39uJy/beam@native, XX YY,continuum] U [114.00..115.98GHz,31250.00kHz,13.27mJy/beam@10km/s,0.58uJy/beam@native, XX YY,continuum]",2020-07-05,0,11.16820914065586,82.17823042734553,7m,,66.0065476567276,92.43664668264437,Stars and stellar evolution,Supernovae (SN) ejecta,4536,311.3240662684513,-3.8142950226039485,31248.569386968702, XX YY,8.679037,29.048927,2019-03-10,"Bauer, Franz",SN1996cr_a_03_7M,"Dwarkadas, Vikram;",6.360911861897676,5.185999870300293,uid://A001/X133d/X10f,uid://A001/X133d/X110,2,An ACA Spectral Sampling Campaign of SN1996cr.,S,TARGET,PASS,
2018.1.00007.S,SN1996cr,213.2916666667121,-65.3456944444528,6,0.18004078131632398,"[213.01..214.99GHz,31250.00kHz,6.15mJy/beam@10km/s,0.37uJy/beam@native, XX YY,continuum] U [215.01..216.99GHz,31250.00kHz,5.73mJy/beam@10km/s,0.34uJy/beam@native, XX YY,continuum] U [229.01..230.99GHz,31250.00kHz,5.66mJy/beam@10km/s,0.35uJy/beam@native, XX YY,continuum] U [231.01..232.99GHz,31250.00kHz,6.14mJy/beam@10km/s,0.38uJy/beam@native, XX YY,continuum]",2020-09-14,0,5.848212151456853,40.55496776695576,7m,,25.75144889825801,44.763210608495875,Stars and stellar evolution,Supernovae (SN) ejecta,2358.72,311.32406626847796,-3.8142950226189654,31250.01065653145, XX YY,10.585044,27.216331,2019-05-05,"Bauer, Franz",SN1996cr_a_06_7M,"Dwarkadas, Vikram;",5.656627442162165,1.7999999523162842,uid://A001/X133d/X113,uid://A001/X133d/X114,1,An ACA Spectral Sampling Campaign of SN1996cr.,S,TARGET,SEMIPASS,
2018.1.00007.S,SN1996cr,213.2916666666459,-65.34569444444894,7,0.276924652235355,"[331.99..334.00GHz,31250.00kHz,8.20mJy/beam@10km/s,0.61uJy/beam@native, XX YY,continuum] U [333.93..335.94GHz,31250.00kHz,6.85mJy/beam@10km/s,0.51uJy/beam@native, XX YY,continuum] U [343.99..346.00GHz,31250.00kHz,6.81mJy/beam@10km/s,0.52uJy/beam@native, XX YY,continuum] U [345.99..348.00GHz,31250.00kHz,7.85mJy/beam@10km/s,0.60uJy/beam@native, XX YY,continuum]",2020-10-11,0,3.759421245155831,27.076444274952348,7m,,21.859186442120354,29.360556814940793,Stars and stellar evolution,Supernovae (SN) ejecta,8981.28,311.32406626845284,-3.814295022606681,31249.27799787999, XX YY,8.285006,26.62017,2019-04-12,"Bauer, Franz",SN1996cr_a_07_7M,"Dwarkadas, Vikram;",6.811895005593875,0.9100000262260437,uid://A001/X133d/X117,uid://A001/X133d/X118,3,An ACA Spectral Sampling Campaign of SN1996cr.,S,TARGET,PASS,
2018.1.00581.S,Circinus_galaxy,213.29142499999622,-65.33917500001027,6,0.015711204181668995,"[249.52..251.39GHz,1128.91kHz,0.46mJy/beam@10km/s,0.03uJy/beam@native, XX YY,line] U [252.27..254.14GHz,1128.91kHz,0.46mJy/beam@10km/s,0.03uJy/beam@native, XX YY,line] U [264.57..266.44GHz,1128.91kHz,0.46mJy/beam@10km/s,0.03uJy/beam@native, XX YY,line] U [266.25..268.12GHz,1128.91kHz,0.47mJy/beam@10km/s,0.03uJy/beam@native, XX YY,line]",2020-10-19,1,0.02017220046915824,1.2711764006263224,12m,,0.3745808237407034,22.497967784350553,Active galaxies,"Active Galactic Nuclei (AGN)/Quasars (QSO), Galactic centres/nuclei",5406.912,311.3260047720309,-3.808068295780869,1128.946438743959, XX YY,656.2567,6682.9614,2019-06-06,"Tristram, Konrad",Circinus_a_06_TM1,"Asmus, Daniel; Impellizzeri, Violette; Schartmann, Marc; Henkel, Christian; Villard, Eric; Zhang, Zhiyu;",0.45610795501991785,0.6194890737533569,uid://A001/X133d/X1046,uid://A001/X133d/X1047,2,Finally resolving the molecular "torus" of the closest Sy 2 AGN: the Circinus galaxy,S,TARGET,PASS,
2018.1.00581.S,Circinus_galaxy,213.2914249999841,-65.33917500000081,6,0.017894246514088184,"[249.52..251.39GHz,1128.91kHz,0.52mJy/beam@10km/s,0.04uJy/beam@native, XX YY,line] U [252.27..254.14GHz,1128.91kHz,0.52mJy/beam@10km/s,0.04uJy/beam@native, XX YY,line] U [264.57..266.44GHz,1128.91kHz,0.51mJy/beam@10km/s,0.04uJy/beam@native, XX YY,line] U [266.25..268.12GHz,1128.91kHz,0.55mJy/beam@10km/s,0.04uJy/beam@native, XX YY,line]",2020-12-02,1,0.10698709858478732,1.2712346534367946,12m,,1.6162429424368778,22.497968633394837,Active galaxies,"Active Galactic Nuclei (AGN)/Quasars (QSO), Galactic centres/nuclei",2207.52,311.326004772029,-3.8080682957702985,1128.9996055541296, XX YY,145.30916,1281.8187,2019-08-15,"Tristram, Konrad",Circinus_a_06_TM2,"Asmus, Daniel; Impellizzeri, Violette; Schartmann, Marc; Henkel, Christian; Villard, Eric; Zhang, Zhiyu;",0.5139916466494477,0.8684022426605225,uid://A001/X133d/X1046,uid://A001/X133d/X1049,1,Finally resolving the molecular "torus" of the closest Sy 2 AGN: the Circinus galaxy,S,TARGET,PASS,
2018.1.00007.S,SN1996cr,213.2916666666916,-65.34569444445043,8,1.3480072113634154,"[457.54..459.53GHz,31250.00kHz,24.80mJy/beam@10km/s,2.17uJy/beam@native, XX YY,continuum] U [459.48..461.46GHz,31250.00kHz,22.73mJy/beam@10km/s,1.99uJy/beam@native, XX YY,continuum] U [469.54..471.53GHz,31250.00kHz,51.00mJy/beam@10km/s,4.52uJy/beam@native, XX YY,continuum] U [471.54..473.53GHz,31250.00kHz,58.82mJy/beam@10km/s,5.22uJy/beam@native, XX YY,continuum]",2021-01-22,0,2.5862200376448086,19.869495041312074,7m,,18.65308469353201,21.44255764799851,Stars and stellar evolution,Supernovae (SN) ejecta,31389.12,311.32406626847046,-3.814295022614033,31252.520808941757, XX YY,8.282095,26.7361,2019-08-05,"Bauer, Franz",SN1996cr_a_08_7M,"Dwarkadas, Vikram;",22.729947158343784,0.9100000262260437,uid://A001/X133d/X11b,uid://A001/X133d/X11c,11,An ACA Spectral Sampling Campaign of SN1996cr.,S,TARGET,SEMIPASS,
2019.1.00014.S,circinus_galaxy,213.29144999997646,-65.3391805555574,7,0.09723969222791776,"[342.36..344.23GHz,3904.30kHz,2.64mJy/beam@10km/s,0.21uJy/beam@native, XX YY,line] U [344.26..346.13GHz,3904.30kHz,2.64mJy/beam@10km/s,0.21uJy/beam@native, XX YY,line] U [354.37..356.24GHz,3904.30kHz,2.32mJy/beam@10km/s,0.18uJy/beam@native, XX YY,line] U [356.25..358.12GHz,3904.30kHz,2.31mJy/beam@10km/s,0.18uJy/beam@native, XX YY,line]",2021-02-15,0,0.4311903945579308,3.2856945165271703,12m,,5.465923854844716,16.62548821656534,Active galaxies,"Active Galactic Nuclei (AGN)/Quasars (QSO), Galactic centres/nuclei",181.44,311.32601297282986,-3.8080768231624536,3904.4627837451108, XX YY,31.751713,235.02823,2019-10-29,"Izumi, Takuma",circinus_a_07_TM2,"Kohno, Kotaro; Nakano, Suzuka; Imanishi, Masatoshi; Uno, Shinsuke; Wada, Keiichi;",2.313847353503217,0.561616837978363,uid://A001/X1469/X1a3,uid://A001/X1469/X1a6,1,Direct imaging of the multi-phase AGN torus of the Circinus galaxy,S,TARGET,PASS,
2019.1.00013.S,circinus,213.29127499998,-65.33901900000177,7,0.061140229351624685,"[307.93..309.80GHz,1128.91kHz,1.70mJy/beam@10km/s,0.13uJy/beam@native, XX YY,line] U [309.62..311.49GHz,1128.91kHz,1.70mJy/beam@10km/s,0.13uJy/beam@native, XX YY,line] U [319.85..321.72GHz,1128.91kHz,1.35mJy/beam@10km/s,0.10uJy/beam@native, XX YY,line] U [321.41..323.28GHz,1128.91kHz,1.94mJy/beam@10km/s,0.15uJy/beam@native, XX YY,line]",2022-04-20,1,0.2282350430868259,1.052941913495207,12m,,3.8652189226146554,18.45001682606388,Active galaxies,Active Galactic Nuclei (AGN)/Quasars (QSO),1572.48,311.325993846951,-3.8079005629215605,1128.868890713155, XX YY,50.051895,449.5362,2019-10-06,"Impellizzeri, Violette",circinus_a_07_TM2,"Pesce, Dominic; Braatz, James; Ellingsen, Simon; Wootten, Al; Meier, David; Neufeld, David; Tristram, Konrad; Ott, Juergen; Peck, Alison; Kuo, Chengyu ; Henkel, Christian; Humphreys, Elizabeth;",1.3516253631007706,0.6222242116928101,uid://A001/X1465/X3d5c,uid://A001/X1465/X3d5f,2,Mapping the water megamasers in the Circinus Galaxy,S,TARGET,PASS,
2019.1.01303.S,ESO_97-G13,213.29127499999296,-65.339019000003,7,0.0266301367447758,"[341.87..343.74GHz,3904.30kHz,0.68mJy/beam@10km/s,0.05uJy/beam@native, XX YY,line] U [343.70..345.57GHz,3904.30kHz,0.68mJy/beam@10km/s,0.05uJy/beam@native, XX YY,line] U [353.74..355.62GHz,3904.30kHz,0.67mJy/beam@10km/s,0.05uJy/beam@native, XX YY,line] U [355.56..357.43GHz,3904.30kHz,0.67mJy/beam@10km/s,0.05uJy/beam@native, XX YY,line]",2022-05-04,0,0.19257582676074494,3.291852466462291,12m,,3.8698910067375456,16.653604852937047,Active galaxies,"Active Galactic Nuclei (AGN)/Quasars (QSO), Galactic centres/nuclei",8981.28,311.3259938469558,-3.8079005629244107,3904.1740452662616, XX YY,46.967865,523.4391,2021-04-02,"Mills, Elisabeth",ESO_97-G_a_07_TM1,"Bolatto, Alberto; Walter, Fabian; Nyland, Kristina; Sun, Jiayi; Gorski, Mark; Alatalo, Katherine; Battersby, Cara; Zschaechner, Laura; Stierwalt, Sabrina; Ott, Juergen; Leroy, Adam; Levy, Rebecca; Krieger, Nico; Kirkpatrick, Allison;",0.6674564318816513,0.5729768872261047,uid://A001/X1465/X11ab,uid://A001/X1465/X11ac,3,How to Feed a Torus: Resolving the center of Circinus,S,TARGET,PASS,
2019.1.00013.S,circinus,213.29127500005643,-65.3390190000168,7,0.0838186142851553,"[310.13..312.00GHz,7812.01kHz,2.71mJy/beam@10km/s,0.20uJy/beam@native, XX YY,line] U [312.09..313.03GHz,3906.01kHz,2.71mJy/beam@10km/s,0.29uJy/beam@native, XX YY,line] U [321.92..323.79GHz,1128.91kHz,1.82mJy/beam@10km/s,0.14uJy/beam@native, XX YY,line] U [323.75..325.63GHz,1128.91kHz,1.81mJy/beam@10km/s,0.14uJy/beam@native, XX YY,line]",2022-05-31,1,0.2534754481213988,1.0453584904638051,12m,,4.13588316912708,18.318225054901433,Active galaxies,Active Galactic Nuclei (AGN)/Quasars (QSO),1209.6,311.32599384697664,-3.8079005629457785,1128.9013070395017, XX YY,46.23506,440.5165,2021-04-30,"Impellizzeri, Violette",circinus_b_07_TM2,"Pesce, Dominic; Braatz, James; Ellingsen, Simon; Wootten, Al; Meier, David; Neufeld, David; Tristram, Konrad; Ott, Juergen; Peck, Alison; Kuo, Chengyu ; Henkel, Christian; Humphreys, Elizabeth;",1.8133612335131564,0.3849521577358246,uid://A001/X1465/X3d62,uid://A001/X1465/X3d65,1,Mapping the water megamasers in the Circinus Galaxy,S,TARGET,PASS,
2019.1.00014.S,circinus_galaxy,213.2914500000003,-65.33918055555554,7,0.04647792999303803,"[342.36..344.23GHz,3904.30kHz,1.15mJy/beam@10km/s,0.09uJy/beam@native, XX YY,line] U [344.26..346.13GHz,3904.30kHz,1.15mJy/beam@10km/s,0.09uJy/beam@native, XX YY,line] U [354.37..356.24GHz,3904.30kHz,1.14mJy/beam@10km/s,0.09uJy/beam@native, XX YY,line] U [356.25..358.12GHz,3904.30kHz,1.30mJy/beam@10km/s,0.10uJy/beam@native, XX YY,line]",2022-06-09,0,0.10983582270402716,3.285599925161995,12m,,2.3555152706763605,16.625486792170232,Active galaxies,"Active Galactic Nuclei (AGN)/Quasars (QSO), Galactic centres/nuclei",635.04,311.32601297284,-3.8080768231637863,3904.3508560066302, XX YY,73.67918,922.6672,2021-05-17,"Izumi, Takuma",circinus_a_07_TM1,"Kohno, Kotaro; Nakano, Suzuka; Imanishi, Masatoshi; Uno, Shinsuke; Wada, Keiichi;",1.1401095553521163,0.442875474691391,uid://A001/X1469/X1a3,uid://A001/X1469/X1a4,1,Direct imaging of the multi-phase AGN torus of the Circinus galaxy,S,TARGET,PASS,
2019.1.00014.S,circinus_galaxy,213.2914500000096,-65.33918055555802,8,0.1420586951211254,"[476.68..478.56GHz,3904.30kHz,2.86mJy/beam@10km/s,0.26uJy/beam@native, XX YY,line] U [478.57..480.44GHz,3904.30kHz,2.48mJy/beam@10km/s,0.23uJy/beam@native, XX YY,line] U [488.95..490.82GHz,3904.30kHz,4.89mJy/beam@10km/s,0.46uJy/beam@native, XX YY,line] U [490.57..492.44GHz,3904.30kHz,3.18mJy/beam@10km/s,0.30uJy/beam@native, XX YY,line]",2022-07-20,0,0.08688498009280796,2.386080341473591,12m,,2.0186403893556104,12.016881067875444,Active galaxies,"Active Galactic Nuclei (AGN)/Quasars (QSO), Galactic centres/nuclei",7620.48,311.3260129728428,-3.808076823167335,3904.5232927575676, XX YY,64.47385,790.1134,2021-06-28,"Izumi, Takuma",circinus_a_08_TM1,"Kohno, Kotaro; Nakano, Suzuka; Imanishi, Masatoshi; Uno, Shinsuke; Wada, Keiichi;",2.4821858086133206,0.2364896684885025,uid://A001/X1469/X1a9,uid://A001/X1469/X1aa,3,Direct imaging of the multi-phase AGN torus of the Circinus galaxy,S,TARGET,PASS,
2019.1.00013.S,circinus_galaxy,213.2912749999882,-65.33901900000055,5,0.07779586118706866,"[170.32..172.19GHz,3904.30kHz,2.55mJy/beam@10km/s,0.14uJy/beam@native, XX YY,line] U [171.82..173.69GHz,1128.91kHz,2.54mJy/beam@10km/s,0.14uJy/beam@native, XX YY,line] U [182.58..183.52GHz,564.45kHz,2.47mJy/beam@10km/s,0.20uJy/beam@native, XX YY,line] U [183.80..185.67GHz,1128.91kHz,2.79mJy/beam@10km/s,0.16uJy/beam@native, XX YY,line]",2022-08-10,1,0.20223930733359197,0.92686317421751,12m,,4.6445948762337235,32.71394741650976,Active galaxies,Active Galactic Nuclei (AGN)/Quasars (QSO),3628.8,311.32599384695465,-3.8079005629214553,564.477984438474, XX YY,78.21831,885.32513,2021-06-14,"Impellizzeri, Violette",circinus_a_05_TM2,"Pesce, Dominic; Braatz, James; Ellingsen, Simon; Wootten, Al; Meier, David; Neufeld, David; Tristram, Konrad; Ott, Juergen; Peck, Alison; Kuo, Chengyu ; Henkel, Christian; Humphreys, Elizabeth;",2.474585089035591,0.4461435079574585,uid://A001/X1465/X3d6e,uid://A001/X1465/X3d71,2,Mapping the water megamasers in the Circinus Galaxy,S,TARGET,PASS,
2019.1.00013.S,circinus_galaxy,213.29127500003392,-65.33901900000632,5,0.01858669405296321,"[170.32..172.19GHz,3904.30kHz,0.48mJy/beam@10km/s,0.03uJy/beam@native, XX YY,line] U [171.82..173.69GHz,1128.91kHz,0.48mJy/beam@10km/s,0.03uJy/beam@native, XX YY,line] U [182.58..183.52GHz,564.45kHz,6.00mJy/beam@10km/s,0.48uJy/beam@native, XX YY,line] U [183.80..185.67GHz,1128.91kHz,2.37mJy/beam@10km/s,0.14uJy/beam@native, XX YY,line]",2022-10-02,1,0.04647814870637845,0.9268995726889205,12m,,1.1066180889523125,32.713945132233064,Active galaxies,Active Galactic Nuclei (AGN)/Quasars (QSO),7076.16,311.32599384697096,-3.807900562932885,564.500084572219, XX YY,327.1629,4063.9143,2021-08-20,"Impellizzeri, Violette",circinus_a_05_TM1,"Pesce, Dominic; Braatz, James; Ellingsen, Simon; Wootten, Al; Meier, David; Neufeld, David; Tristram, Konrad; Ott, Juergen; Peck, Alison; Kuo, Chengyu ; Henkel, Christian; Humphreys, Elizabeth;",0.47546176590674794,0.5123311281204224,uid://A001/X1465/X3d6e,uid://A001/X1465/X3d6f,3,Mapping the water megamasers in the Circinus Galaxy,S,TARGET,PASS,
2019.1.00013.S,circinus,213.29127500005436,-65.33901900001564,9,0.2266744140039245,"[656.14..658.02GHz,1128.91kHz,6.78mJy/beam@10km/s,0.73uJy/beam@native, XX YY,line] U [656.21..658.08GHz,3904.30kHz,6.76mJy/beam@10km/s,0.73uJy/beam@native, XX YY,line] U [658.14..660.01GHz,7812.01kHz,6.12mJy/beam@10km/s,0.66uJy/beam@native, XX YY,line] U [658.21..660.07GHz,7812.01kHz,6.06mJy/beam@10km/s,0.66uJy/beam@native, XX YY,line] U [669.13..670.99GHz,7812.01kHz,5.72mJy/beam@10km/s,0.62uJy/beam@native, XX YY,line] U [669.19..671.06GHz,7812.01kHz,5.50mJy/beam@10km/s,0.60uJy/beam@native, XX YY,line] U [671.12..672.99GHz,3904.30kHz,5.41mJy/beam@10km/s,0.59uJy/beam@native, XX YY,line] U [671.18..673.06GHz,1128.91kHz,5.34mJy/beam@10km/s,0.58uJy/beam@native, XX YY,line]",2022-10-27,1,0.053763654208454595,0.5042698537470923,12m,,1.439826301924387,8.761586621614049,Active galaxies,Active Galactic Nuclei (AGN)/Quasars (QSO),7557.12,311.32599384697625,-3.8079005629444023,1128.974382887778, XX YY,75.55539,783.27405,2021-07-01,"Impellizzeri, Violette",circinus_a_09_TM1,"Pesce, Dominic; Braatz, James; Ellingsen, Simon; Wootten, Al; Meier, David; Neufeld, David; Tristram, Konrad; Ott, Juergen; Peck, Alison; Kuo, Chengyu ; Henkel, Christian; Humphreys, Elizabeth;",5.341479969175506,0.3734540641307831,uid://A001/X1465/X3d68,uid://A001/X1465/X3d69,3,Mapping the water megamasers in the Circinus Galaxy,S,TARGET,PASS,
2018.1.00581.S,Circinus_galaxy,213.29142500000668,-65.33917500000122,7,0.03341164946654268,"[341.77..343.64GHz,1128.91kHz,0.83mJy/beam@10km/s,0.07uJy/beam@native, XX YY,line] U [343.58..345.45GHz,1128.91kHz,0.83mJy/beam@10km/s,0.07uJy/beam@native, XX YY,line] U [353.66..355.54GHz,1128.91kHz,0.86mJy/beam@10km/s,0.07uJy/beam@native, XX YY,line] U [355.47..357.34GHz,1128.91kHz,0.86mJy/beam@10km/s,0.07uJy/beam@native, XX YY,line]",2022-10-28,1,0.02694560499631979,0.9521532193628249,12m,,0.5954796982079693,16.658125536373067,Active galaxies,"Active Galactic Nuclei (AGN)/Quasars (QSO), Galactic centres/nuclei",5552.064,311.3260047720379,-3.8080682957736296,1128.9847203452018, XX YY,301.5953,3493.89,2019-07-14,"Tristram, Konrad",Circinus_a_07_TM1,"Asmus, Daniel; Impellizzeri, Violette; Schartmann, Marc; Henkel, Christian; Villard, Eric; Zhang, Zhiyu;",0.833864993631245,0.789578914642334,uid://A001/X133d/X1042,uid://A001/X133d/X1043,2,Finally resolving the molecular "torus" of the closest Sy 2 AGN: the Circinus galaxy,S,TARGET,SEMIPASS,
2019.1.00013.S,circinus,213.29127499997506,-65.3390190000021,7,0.03660965780432114,"[307.93..309.80GHz,1128.91kHz,0.80mJy/beam@10km/s,0.06uJy/beam@native, XX YY,line] U [309.62..311.49GHz,1128.91kHz,0.81mJy/beam@10km/s,0.06uJy/beam@native, XX YY,line] U [319.85..321.72GHz,1128.91kHz,1.19mJy/beam@10km/s,0.09uJy/beam@native, XX YY,line] U [321.41..323.28GHz,1128.91kHz,1.62mJy/beam@10km/s,0.12uJy/beam@native, XX YY,line]",2022-11-08,1,0.022142918632464054,1.0530642117099833,12m,,0.4720174738543858,18.45001638402913,Active galaxies,Active Galactic Nuclei (AGN)/Quasars (QSO),1705.536,311.32599384694896,-3.807900562921231,1128.9996104039024, XX YY,408.0327,5078.981,2021-08-27,"Impellizzeri, Violette",circinus_a_07_TM1,"Pesce, Dominic; Braatz, James; Ellingsen, Simon; Wootten, Al; Meier, David; Neufeld, David; Tristram, Konrad; Ott, Juergen; Peck, Alison; Kuo, Chengyu ; Henkel, Christian; Humphreys, Elizabeth;",0.8034102416645764,0.5984748601913452,uid://A001/X1465/X3d5c,uid://A001/X1465/X3d5d,1,Mapping the water megamasers in the Circinus Galaxy,S,TARGET,SEMIPASS,
2019.1.01303.S,ESO_97-G13,213.29103321749642,-65.33896442256189,3,0.0123921790006736,"[85.58..87.45GHz,1938.48kHz,0.64mJy/beam@10km/s,0.02uJy/beam@native, XX YY,line] U [87.41..89.28GHz,1938.48kHz,0.62mJy/beam@10km/s,0.02uJy/beam@native, XX YY,line] U [97.45..99.33GHz,1938.48kHz,0.59mJy/beam@10km/s,0.02uJy/beam@native, XX YY,line] U [99.29..101.16GHz,1938.48kHz,0.59mJy/beam@10km/s,0.02uJy/beam@native, XX YY,line]",2022-11-24,0,0.13885918934449773,5.853495453691739,12m,,3.419447404107132,62.36579802653475,Active galaxies,"Active Galactic Nuclei (AGN)/Quasars (QSO), Galactic centres/nuclei",16656.192,311.3259147981211,-3.807817286244926,1938.5677151234495, XX YY,230.95578,1801.1581,2021-08-01,"Mills, Elisabeth",ESO_97-G_a_03_TM1,"Bolatto, Alberto; Walter, Fabian; Nyland, Kristina; Sun, Jiayi; Gorski, Mark; Alatalo, Katherine; Battersby, Cara; Zschaechner, Laura; Stierwalt, Sabrina; Ott, Juergen; Leroy, Adam; Levy, Rebecca; Krieger, Nico; Kirkpatrick, Allison;",0.5871761632388501,1.4663187265396118,uid://A001/X1465/X11a7,uid://A001/X1465/X11a8,6,How to Feed a Torus: Resolving the center of Circinus,S,TARGET,PASS,
2021.1.01150.S,ESO097-013,213.29127499995485,-65.33901900000804,6,0.48899340070270947,"[214.70..216.68GHz,31250.00kHz,16.05mJy/beam@10km/s,0.96uJy/beam@native, XX YY,continuum] U [216.70..218.68GHz,31250.00kHz,15.96mJy/beam@10km/s,0.96uJy/beam@native, XX YY,continuum] U [229.20..231.20GHz,1128.91kHz,15.90mJy/beam@10km/s,0.98uJy/beam@native, XX YY,line] U [231.69..233.67GHz,31250.00kHz,16.13mJy/beam@10km/s,1.00uJy/beam@native, XX YY,continuum]",2023-01-05,0,23.445506342290926,1.476600595591686,TP,,415.58309281237246,25.97394330077328,Active galaxies,"Active Galactic Nuclei (AGN)/Quasars (QSO), Surveys of galaxies",1253.376,311.32599384693907,-3.8079005629242526,1128.8956700132164, XX YY,12,12,2021-12-13,"Rojas, Alejandra",ESO097-0_a_06_TP,"Kakkad, Darshan; Izumi, Takuma; Koss, Michael; Treister, Ezequiel; Ricci, Claudio; Hsieh, Pei-Ying; Sani, Eleonora; González López, Jorge; Boquien, Médéric;",15.896493689905599,0.40781712532043457,uid://A001/X1590/Xe82,uid://A001/X1590/Xe89,1,AGN-galaxy interplay through multiphase outflows and feedback,S,TARGET,PASS,
2021.1.01150.S,ESO097-013,213.29127500001525,-65.3390190000008,6,0.614662195568728,"[214.70..216.68GHz,31250.00kHz,20.05mJy/beam@10km/s,1.20uJy/beam@native, XX YY,continuum] U [216.70..218.68GHz,31250.00kHz,19.95mJy/beam@10km/s,1.20uJy/beam@native, XX YY,continuum] U [229.20..231.20GHz,1128.91kHz,20.10mJy/beam@10km/s,1.25uJy/beam@native, XX YY,line] U [231.69..233.67GHz,31250.00kHz,20.41mJy/beam@10km/s,1.27uJy/beam@native, XX YY,continuum]",2023-02-07,0,5.969905117246134,1.476545295741053,7m,,33.06550612748533,44.52676293715919,Active galaxies,"Active Galactic Nuclei (AGN)/Quasars (QSO), Surveys of galaxies",393.12,311.3259938469653,-3.807900562925219,1128.8538409183118, XX YY,8.200098,26.520712,2022-01-30,"Rojas, Alejandra",ESO097-0_a_06_7M,"Kakkad, Darshan; Izumi, Takuma; Koss, Michael; Treister, Ezequiel; Ricci, Claudio; Hsieh, Pei-Ying; Sani, Eleonora; González López, Jorge; Boquien, Médéric;",19.951506934947666,1.7999999523162842,uid://A001/X1590/Xe82,uid://A001/X1590/Xe87,1,AGN-galaxy interplay through multiphase outflows and feedback,S,TARGET,PASS,
2021.1.00869.L,ad3a-18472,213.31560000000508,-65.21593611111118,3,0.13673974712137968,"[84.10..85.04GHz,294.68kHz,5.02mJy/beam@10km/s,0.28uJy/beam@native, XX YY,line] U [84.93..85.87GHz,294.68kHz,4.97mJy/beam@10km/s,0.27uJy/beam@native, XX YY,line] U [86.08..87.01GHz,294.68kHz,4.92mJy/beam@10km/s,0.27uJy/beam@native, XX YY,line] U [87.02..87.96GHz,294.68kHz,4.87mJy/beam@10km/s,0.27uJy/beam@native, XX YY,line]",2023-02-28,0,1.8217460061155495,1.0042813198618021,12m,,19.206279945681658,67.68490838077416,Local Universe,"Spiral galaxies, Galactic centres/nuclei",42.336,311.37410823317725,-3.6941121299107595,294.6653550104722, XX YY,36.78789,226.47418,2022-01-20,"Sjouwerman, Lorant",ad3a-193_a_03_TM1,"Habing, Harm; Quiroga Nunez, Luis Henry; Stroh, Michael; Lewis, Megan; van Langevelde, Huib; Claussen, Mark; Pihlstrom, Ylva;",4.868116742872723,4.753857135772705,uid://A001/X1590/X18af,uid://A001/X1590/X18b0,1,Bulge symmetry or not? The hidden dynamics of the Far Side,L,TARGET,PASS,
2021.1.01150.S,ESO097-013,213.29127499996252,-65.33901900000544,6,0.05133137926716649,"[214.70..216.68GHz,31250.00kHz,1.66mJy/beam@10km/s,0.10uJy/beam@native, XX YY,continuum] U [216.70..218.68GHz,31250.00kHz,1.66mJy/beam@10km/s,0.10uJy/beam@native, XX YY,continuum] U [229.26..231.13GHz,1128.91kHz,1.66mJy/beam@10km/s,0.11uJy/beam@native, XX YY,line] U [231.69..233.67GHz,31250.00kHz,1.69mJy/beam@10km/s,0.11uJy/beam@native, XX YY,continuum]",2023-07-21,0,0.24072297044603044,1.4762045903262822,12m,,3.893099980285923,25.973942873760127,Active galaxies,"Active Galactic Nuclei (AGN)/Quasars (QSO), Surveys of galaxies",604.8,311.32599384694294,-3.8079005629227924,1128.900635414348, XX YY,70.99209,599.4668,2021-12-09,"Rojas, Alejandra",ESO097-0_a_06_TM1,"Kakkad, Darshan; Izumi, Takuma; Koss, Michael; Treister, Ezequiel; Ricci, Claudio; Hsieh, Pei-Ying; Sani, Eleonora; González López, Jorge; Boquien, Médéric;",1.655524969382317,1.706934928894043,uid://A001/X1590/Xe82,uid://A001/X1590/Xe83,2,AGN-galaxy interplay through multiphase outflows and feedback,S,TARGET,PASS,
2021.1.00279.S,Circinus_galaxy,213.29099677211184,-65.33915175468913,8,0.14257218584398632,"[476.57..478.44GHz,1128.91kHz,2.87mJy/beam@10km/s,0.26uJy/beam@native, XX YY,line] U [478.37..480.24GHz,1128.91kHz,2.44mJy/beam@10km/s,0.23uJy/beam@native, XX YY,line] U [488.70..490.58GHz,1128.91kHz,5.61mJy/beam@10km/s,0.52uJy/beam@native, XX YY,line] U [490.51..492.39GHz,1128.91kHz,3.15mJy/beam@10km/s,0.29uJy/beam@native, XX YY,line]",2023-09-07,0,0.18574280432769288,0.6900268919892953,12m,,2.667354023727453,12.019020708971691,Active galaxies,Active Galactic Nuclei (AGN)/Quasars (QSO),2509.92,311.32584185644066,-3.807990570832825,1129.0003334749197, XX YY,47.037556,394.43167,2022-08-19,"Nguyen, Dieu",Circinus_a_08_TM2,"Thater, Sabine; Nguyen, Phuong; Nguyen, Lam; Matsushita, Satoki; Meier, David; Kawamuro, Taiki; Turner, Jean; Izumi, Takuma; Baba, Shunsuke; Nakano, Suzuka; Imanishi, Masatoshi; Martin, Sergio; Cappellari, Michele;",2.438465831613296,0.3352455794811249,uid://A001/X1590/X2b4c,uid://A001/X1590/X2b4f,1,Probing Black Hole Mass in Seyfert AGN Using Atomic-Carbon Gas,S,TARGET,PASS,
2021.1.01150.S,ESO097-013,213.2912749999997,-65.33901899999998,6,0.061536884496167246,"[214.70..216.68GHz,31250.00kHz,1.98mJy/beam@10km/s,0.12uJy/beam@native, XX YY,continuum] U [216.70..218.68GHz,31250.00kHz,1.97mJy/beam@10km/s,0.12uJy/beam@native, XX YY,continuum] U [229.26..231.13GHz,1128.91kHz,2.01mJy/beam@10km/s,0.13uJy/beam@native, XX YY,line] U [231.69..233.67GHz,31250.00kHz,2.04mJy/beam@10km/s,0.13uJy/beam@native, XX YY,continuum]",2023-12-17,0,1.3313841368320174,1.4761710862330653,12m,,12.046735643270436,25.97394424531408,Active galaxies,"Active Galactic Nuclei (AGN)/Quasars (QSO), Surveys of galaxies",302.4,311.32599384695936,-3.807900562922413,1128.875264423599, XX YY,22.507376,118.91844,2022-04-07,"Rojas, Alejandra",ESO097-0_a_06_TM2,"Kakkad, Darshan; Izumi, Takuma; Koss, Michael; Treister, Ezequiel; Ricci, Claudio; Hsieh, Pei-Ying; Sani, Eleonora; González López, Jorge; Boquien, Médéric;",1.972927562039685,2.797194719314575,uid://A001/X1590/Xe82,uid://A001/X1590/Xe85,1,AGN-galaxy interplay through multiphase outflows and feedback,S,TARGET,PASS,